[
  {
    "label": "/ GREP",
    "title": "Understanding <span class=\"code-highlight\">grep</span> in Linux: A Powerful Text Search Tool",
    "author": "John Doe",
    "timeNeeded": "4 mins",
    "avatarSrc": "img/marian_rejewski.jpg",
    "timestamp": "2025/11/05"
  },
  {
    "label": "/ BASH",
    "title": "Introduction to Writing  <span class=\"code-highlight\">bash</span> Bash Scripts. How to Automate Tasks, Manage Systems, and Streamline Workflows in Linux",
    "author": "John Smith",
    "timeNeeded": "54 mins",
    "avatarSrc": "img/henryk_zygalski.jpg",
    "timestamp": "2025/10/11"
  },
  {
    "label": "/ DOCKER",
    "title": "Introduction to <span class=\"code-highlight\">docker</span>. How to Build, Deploy, and Manage Containerized Applications Efficiently",
    "author": "Alan Doe",
    "timeNeeded": "37 mins",
    "avatarSrc": "img/alan_turing.jpg",
    "timestamp": "2025/08/27"
  },
  {
    "label": "/ AWK",
    "title": "Introduction to <span class=\"code-highlight\">awk</span>. How to Efficiently Process, Filter, and Analyze Text Files from the Command Line",
    "author": "John Doe",
    "timeNeeded": "18 mins",
    "avatarSrc": "img/marian_rejewski.jpg",
    "timestamp": "2025/01/11"
  },
  {
    "label": "/ PS",
    "title": "Introduction to <span class=\"code-highlight\">ps</span>. How to Monitor, Analyze, and Manage System Processes Efficiently",
    "author": "John Doe",
    "timeNeeded": "19 mins",
    "avatarSrc": "img/marian_rejewski.jpg",
    "timestamp": "2025/11/05"
  },
  {
    "label": "/ FIND",
    "title": "Mastering the Linux <span class=\"code-highlight\">find</span> Command: How to Search, Filter, and Manage Files Efficiently in Any Directory",
    "author": "Linus Doe",
    "timeNeeded": "31 mins",
    "avatarSrc": "img/linus_torvalds.jpeg",
    "timestamp": "2025/07/01"
  },
  {
    "label": "/ XARGS",
    "title": "“Mastering the Linux <span class=\"code-highlight\">xargs</span> Command: How to Efficiently Build and Execute Commands from Input Streams",
    "author": "John Rozycki",
    "timeNeeded": "89 mins",
    "avatarSrc": "img/jerzy_rozycki.jpg",
    "timestamp": "2025/09/15"
  }
]
